date,district,cases_today,deaths_today,cases_total,deaths_total,under_treatment,cured_total
25-07-2021,amritsar,0,0,60,4,39,12
25-07-2021,barnala,0,0,14,4,5,1
25-07-2021,bathinda,0,0,51,5,16,25
25-07-2021,faridkot,0,0,12,1,4,4
25-07-2021,fatehgarh sahib,0,0,9,1,4,4
25-07-2021,fazilka,0,0,16,1,2,8
25-07-2021,firozepur,1,0,17,1,7,7
25-07-2021,gurdaspur,1,0,30,3,18,6
25-07-2021,hoshiarpur,0,0,25,1,20,3
25-07-2021,jalandhar,0,0,54,6,33,13
25-07-2021,kapurthala,0,0,12,2,5,5
25-07-2021,ludhiana,0,0,108,8,35,46
25-07-2021,mansa,0,0,27,0,12,12
25-07-2021,moga,0,0,10,0,6,1
25-07-2021,pathankot,0,0,5,1,3,1
25-07-2021,patiala,0,0,32,2,18,7
25-07-2021,rupnagar (ropar),0,0,2,0,2,0
25-07-2021,s.a.s nagar,0,0,13,0,9,4
25-07-2021,sangrur,0,0,30,1,17,10
25-07-2021,shahid bhagat singh nagar(nawanshahr),0,0,9,1,8,0
25-07-2021,sri muktsar sahib,0,0,34,2,17,8
25-07-2021,tarn taran,0,0,19,1,14,4
25-07-2021,other states,0,0,70,6,33,23
25-07-2021,grand total,2,0,659,51,327,204
24-07-2021,amritsar,0,0,60,4,39,12
24-07-2021,barnala,0,0,14,4,5,1
24-07-2021,bathinda,0,0,51,5,15,26
24-07-2021,faridkot,0,0,12,1,4,4
24-07-2021,fatehgarh sahib,0,0,9,1,5,3
24-07-2021,fazilka,0,0,16,1,1,9
24-07-2021,firozepur,0,0,16,1,6,7
24-07-2021,gurdaspur,0,0,29,3,17,6
24-07-2021,hoshiarpur,0,0,25,1,20,3
24-07-2021,jalandhar,0,0,54,6,33,13
24-07-2021,kapurthala,0,0,12,2,5,5
24-07-2021,ludhiana,0,0,108,8,36,45
24-07-2021,mansa,0,0,27,0,12,12
24-07-2021,moga,0,0,10,0,6,1
24-07-2021,pathankot,0,0,5,1,3,1
24-07-2021,patiala,0,0,32,2,18,7
24-07-2021,rupnagar (ropar),0,0,2,0,2,0
24-07-2021,s.a.s nagar,0,0,13,0,9,4
24-07-2021,sangrur,0,0,30,1,17,10
24-07-2021,shahid bhagat singh nagar(nawanshahr),0,0,9,1,8,0
24-07-2021,sri muktsar sahib,0,0,34,2,17,8
24-07-2021,tarn taran,0,0,19,1,14,4
24-07-2021,other states,0,0,70,6,34,22
24-07-2021,grand total,0,0,657,51,326,203
23-07-2021,amritsar,0,0,60,4,39,12
23-07-2021,barnala,0,0,14,4,5,1
23-07-2021,bathinda,0,0,51,5,15,26
23-07-2021,faridkot,0,0,12,1,4,4
23-07-2021,fatehgarh sahib,0,0,9,1,5,3
23-07-2021,fazilka,0,0,16,1,1,9
23-07-2021,firozepur,0,0,16,1,6,7
23-07-2021,gurdaspur,0,0,29,3,17,6
23-07-2021,hoshiarpur,0,0,25,1,20,3
23-07-2021,jalandhar,0,0,54,6,33,13
23-07-2021,kapurthala,0,0,12,2,5,5
23-07-2021,ludhiana,1,0,108,8,36,45
23-07-2021,mansa,0,0,27,0,12,12
23-07-2021,moga,0,0,10,0,6,1
23-07-2021,pathankot,0,0,5,1,3,1
23-07-2021,patiala,0,0,32,2,18,7
23-07-2021,rupnagar (ropar),0,0,2,0,2,0
23-07-2021,s.a.s nagar,0,0,13,0,9,4
23-07-2021,sangrur,-1,0,30,1,17,10
23-07-2021,shahid bhagat singh nagar(nawanshahr),0,0,9,1,8,0
23-07-2021,sri muktsar sahib,0,0,34,2,17,8
23-07-2021,tarn taran,0,0,19,1,14,4
23-07-2021,other states,0,0,70,6,34,22
23-07-2021,grand total,0,0,657,51,326,203
22-07-2021,amritsar,0,0,60,4,39,12
22-07-2021,barnala,0,0,14,4,5,1
22-07-2021,bathinda,0,0,51,5,15,26
22-07-2021,faridkot,0,0,12,1,5,4
22-07-2021,fatehgarh sahib,0,0,9,1,5,3
22-07-2021,fazilka,0,0,16,1,1,9
22-07-2021,firozepur,0,0,16,1,6,7
22-07-2021,gurdaspur,0,0,29,3,17,6
22-07-2021,hoshiarpur,0,0,25,1,20,3
22-07-2021,jalandhar,0,0,54,6,33,13
22-07-2021,kapurthala,0,0,12,2,5,5
22-07-2021,ludhiana,0,0,107,8,35,45
22-07-2021,mansa,0,0,27,0,12,12
22-07-2021,moga,0,0,10,0,6,1
22-07-2021,pathankot,0,0,5,1,3,1
22-07-2021,patiala,2,0,32,2,18,7
22-07-2021,rupnagar (ropar),0,0,2,0,2,0
22-07-2021,s.a.s nagar,0,0,13,0,9,4
22-07-2021,sangrur,1,0,31,1,18,10
22-07-2021,shahid bhagat singh nagar(nawanshahr),0,0,9,1,8,0
22-07-2021,sri muktsar sahib,0,0,34,2,17,8
22-07-2021,tarn taran,0,0,19,1,14,4
22-07-2021,other states,0,0,70,6,34,22
22-07-2021,grand total,3,0,657,51,327,203
21-07-2021,amritsar,0,0,60,4,39,12
21-07-2021,barnala,0,0,14,4,5,1
21-07-2021,bathinda,0,0,51,5,15,26
21-07-2021,faridkot,0,0,12,1,5,4
21-07-2021,fatehgarh sahib,0,0,9,1,5,3
21-07-2021,fazilka,0,0,16,1,1,9
21-07-2021,firozepur,0,0,16,1,6,7
21-07-2021,gurdaspur,0,0,29,3,17,6
21-07-2021,hoshiarpur,0,0,25,1,20,3
21-07-2021,jalandhar,0,0,54,6,33,13
21-07-2021,kapurthala,0,0,12,2,5,5
21-07-2021,ludhiana,0,0,107,8,36,44
21-07-2021,mansa,0,0,27,0,12,12
21-07-2021,moga,0,0,10,0,6,1
21-07-2021,pathankot,0,0,5,1,3,1
21-07-2021,patiala,0,0,30,2,16,7
21-07-2021,rupnagar (ropar),0,0,2,0,2,0
21-07-2021,s.a.s nagar,0,0,13,0,9,4
21-07-2021,sangrur,0,0,30,1,17,10
21-07-2021,shahid bhagat singh nagar(nawanshahr),0,0,9,1,8,0
21-07-2021,sri muktsar sahib,0,0,34,2,17,8
21-07-2021,tarn taran,0,0,19,1,14,4
21-07-2021,other states,0,0,70,6,34,22
20-07-2021,amritsar,0,0,60,4,39,12
20-07-2021,barnala,0,0,14,4,5,1
20-07-2021,bathinda,0,0,51,5,16,25
20-07-2021,faridkot,0,0,12,1,5,4
20-07-2021,fatehgarh sahib,0,0,9,1,5,3
20-07-2021,fazilka,0,0,16,1,1,9
20-07-2021,firozepur,0,0,16,1,6,7
20-07-2021,gurdaspur,0,0,29,3,17,6
20-07-2021,hoshiarpur,0,0,25,1,20,3
20-07-2021,jalandhar,0,0,54,6,33,13
20-07-2021,kapurthala,0,0,12,2,5,5
20-07-2021,ludhiana,0,0,107,8,36,44
20-07-2021,mansa,0,0,27,0,12,12
20-07-2021,moga,0,0,10,0,6,1
20-07-2021,pathankot,0,0,5,1,3,1
20-07-2021,patiala,0,0,30,2,16,7
20-07-2021,rupnagar (ropar),0,0,2,0,2,0
20-07-2021,s.a.s nagar,0,0,13,0,9,4
20-07-2021,sangrur,0,0,30,1,17,10
20-07-2021,shahid bhagat singh nagar(nawanshahr),0,0,9,1,8,0
20-07-2021,sri muktsar sahib,0,0,34,2,17,8
20-07-2021,tarn taran,0,0,19,1,14,4
20-07-2021,other states,0,0,70,6,34,22
20-07-2021,grand total,0,0,654,51,326,201
19-07-2021,amritsar,0,0,60,4,39,12
19-07-2021,barnala,0,0,14,4,5,1
19-07-2021,bathinda,0,0,51,5,17,24
19-07-2021,faridkot,0,0,12,1,5,4
19-07-2021,fatehgarh sahib,1,0,9,1,5,3
19-07-2021,fazilka,0,0,16,1,1,9
19-07-2021,firozepur,0,0,16,1,6,7
19-07-2021,gurdaspur,1,0,29,3,17,6
19-07-2021,hoshiarpur,0,0,25,1,20,3
19-07-2021,jalandhar,0,0,54,6,34,12
19-07-2021,kapurthala,0,0,12,2,5,5
19-07-2021,ludhiana,0,0,107,8,36,44
19-07-2021,mansa,0,0,27,0,12,12
19-07-2021,moga,0,0,10,0,6,1
19-07-2021,pathankot,0,0,5,1,3,1
19-07-2021,patiala,0,0,30,2,16,7
19-07-2021,rupnagar (ropar),0,0,2,0,2,0
19-07-2021,s.a.s nagar,0,0,13,0,9,4
19-07-2021,sangrur,0,0,30,1,17,10
19-07-2021,shahidbhagat singh nagar(nawanshahr),0,0,9,1,8,0
19-07-2021,sri muktsar sahib,0,0,34,2,17,8
19-07-2021,tarn taran,0,0,19,1,14,4
19-07-2021,other states,1,0,70,6,34,22
19-07-2021,grand total,3,0,654,51,328,199
18-07-2021,amritsar,0,0,60,4,39,12
18-07-2021,barnala,0,0,14,4,5,1
18-07-2021,bathinda,0,0,51,5,17,24
18-07-2021,faridkot,0,0,12,1,6,3
18-07-2021,fatehgarh sahib,0,0,8,1,4,3
18-07-2021,fazilka,0,0,16,1,1,9
18-07-2021,firozepur,0,0,16,1,6,7
18-07-2021,gurdaspur,0,0,28,3,16,6
18-07-2021,hoshiarpur,0,0,25,1,20,3
18-07-2021,jalandhar,1,0,54,6,34,12
18-07-2021,kapurthala,0,0,12,2,5,5
18-07-2021,ludhiana,0,0,107,8,36,44
18-07-2021,mansa,0,0,27,0,12,12
18-07-2021,moga,0,0,10,0,6,1
18-07-2021,pathankot,0,0,5,1,3,1
18-07-2021,patiala,0,0,30,2,18,5
18-07-2021,rupnagar (ropar),0,0,2,0,2,0
18-07-2021,s.a.s nagar,0,0,13,0,9,4
18-07-2021,sangrur,0,0,30,1,17,10
18-07-2021,shahid bhagat singh nagar(nawanshahr),0,0,9,1,8,0
18-07-2021,sri muktsar sahib,0,0,34,2,17,8
18-07-2021,tarn taran,0,0,19,1,13,4
18-07-2021,other states,0,0,69,6,33,22
18-07-2021,grand total,1,0,651,51,327,196
17-07-2021,amritsar,0,0,60,4,39,12
17-07-2021,barnala,0,0,14,4,5,1
17-07-2021,bathinda,0,0,51,5,17,24
17-07-2021,faridkot,0,0,12,1,6,3
17-07-2021,fatehgarh sahib,0,0,8,1,4,3
17-07-2021,fazilka,0,0,16,1,1,9
17-07-2021,firozepur,0,0,16,1,6,7
17-07-2021,gurdaspur,0,0,28,3,16,6
17-07-2021,hoshiarpur,0,0,25,1,20,3
17-07-2021,jalandhar,1,0,53,6,33,12
17-07-2021,kapurthala,0,0,12,2,5,5
17-07-2021,ludhiana,0,0,107,8,36,44
17-07-2021,mansa,0,0,27,0,12,12
17-07-2021,moga,0,0,10,0,6,1
17-07-2021,pathankot,0,0,5,1,3,1
17-07-2021,patiala,0,0,30,2,18,5
17-07-2021,rupnagar (ropar),0,0,2,0,2,0
17-07-2021,s.a.s nagar,0,0,13,0,9,4
17-07-2021,sangrur,0,0,30,1,17,10
17-07-2021,shahid bhagat singh nagar(nawanshahr),0,0,9,1,8,0
17-07-2021,sri muktsar sahib,0,0,34,2,17,8
17-07-2021,tarn taran,1,0,19,1,13,4
17-07-2021,other states,0,0,69,6,33,22
17-07-2021,grand total,2,0,650,51,326,196
16-07-2021,amritsar,1,0,60,4,39,12
16-07-2021,barnala,0,0,14,4,5,1
16-07-2021,bathinda,0,0,51,5,17,24
16-07-2021,faridkot,0,0,12,1,6,3
16-07-2021,fatehgarh sahib,0,0,8,1,4,3
16-07-2021,fazilka,0,0,16,1,2,8
16-07-2021,firozepur,1,0,16,1,6,7
16-07-2021,gurdaspur,0,0,28,3,16,6
16-07-2021,hoshiarpur,0,0,25,1,20,3
16-07-2021,jalandhar,1,0,52,6,32,12
16-07-2021,kapurthala,0,0,12,2,5,5
16-07-2021,ludhiana,0,0,107,8,36,44
16-07-2021,mansa,0,0,27,0,12,12
16-07-2021,moga,0,0,10,0,6,1
16-07-2021,pathankot,0,0,5,1,3,1
16-07-2021,patiala,0,0,30,2,18,5
16-07-2021,rupnagar (ropar),0,0,2,0,2,0
16-07-2021,s.a.s nagar,0,0,13,0,9,4
16-07-2021,sangrur,1,0,30,1,17,10
16-07-2021,shahidbhagat singh nagar(nawanshahr),0,0,9,1,8,0
16-07-2021,sri muktsar sahib,0,0,34,2,17,8
16-07-2021,tarn taran,0,0,18,1,13,4
16-07-2021,other states,0,0,69,6,33,22
16-07-2021,grand total,4,0,648,51,326,195
15-07-2021,amritsar,0,0,59,4,38,12
15-07-2021,barnala,0,0,14,4,5,1
15-07-2021,bathinda,0,0,51,5,16,25
15-07-2021,faridkot,0,0,12,1,5,3
15-07-2021,fatehgarh sahib,0,0,8,1,4,3
15-07-2021,fazilka,0,0,16,1,3,7
15-07-2021,firozepur,0,0,15,1,5,6
15-07-2021,gurdaspur,1,0,28,3,16,6
15-07-2021,hoshiarpur,0,0,25,1,20,3
15-07-2021,jalandhar,0,0,51,6,31,12
15-07-2021,kapurthala,0,0,12,2,5,5
15-07-2021,ludhiana,0,0,107,8,36,44
15-07-2021,mansa,1,0,27,0,12,12
15-07-2021,moga,0,0,10,0,6,1
15-07-2021,pathankot,0,0,5,1,3,1
15-07-2021,patiala,0,0,30,2,18,5
15-07-2021,rupnagar (ropar),0,0,2,0,2,0
15-07-2021,s.a.s nagar,0,0,13,0,9,4
15-07-2021,sangrur,1,0,29,1,16,10
15-07-2021,shahid bhagat singhnagar (nawanshahr),0,0,9,1,8,0
15-07-2021,sri muktsar sahib,0,0,34,2,17,9
15-07-2021,tarn taran,0,0,18,1,13,4
15-07-2021,other states,0,0,69,6,33,22
15-07-2021,grand total,3,0,644,51,321,195
14-07-2021,amritsar,0,0,59,4,38,0
14-07-2021,barnala,0,0,14,4,4,0
14-07-2021,bathinda,0,0,51,5,16,0
14-07-2021,faridkot,1,0,12,1,5,0
14-07-2021,fatehgarh sahib,0,0,8,1,4,0
14-07-2021,fazilka,1,0,16,1,3,0
14-07-2021,firozepur,0,0,15,1,5,0
14-07-2021,gurdaspur,0,0,27,3,15,0
14-07-2021,hoshiarpur,2,0,25,1,20,0
14-07-2021,jalandhar,0,0,51,6,31,0
14-07-2021,kapurthala,0,0,12,2,5,0
14-07-2021,ludhiana,0,0,107,8,37,0
14-07-2021,mansa,1,0,26,0,11,0
14-07-2021,moga,0,0,10,0,6,0
14-07-2021,pathankot,0,0,5,1,3,0
14-07-2021,patiala,0,0,30,2,18,0
14-07-2021,rupnagar (ropar),0,0,2,0,2,0
14-07-2021,s.a.s nagar,0,0,13,0,9,0
14-07-2021,sangrur,0,0,28,1,16,0
14-07-2021,shahid bhagat singh nagar(nawanshahr),0,0,9,1,8,0
14-07-2021,sri muktsar sahib,1,0,34,2,16,0
14-07-2021,tarn taran,0,0,18,1,13,0
14-07-2021,other states,0,0,69,6,34,0
14-07-2021,grand total,6,0,641,51,319,0
13-07-2021,amritsar,1,0,59,4,38,0
13-07-2021,barnala,0,0,14,4,5,0
13-07-2021,bathinda,0,0,51,5,18,0
13-07-2021,faridkot,0,0,11,1,4,0
13-07-2021,fatehgarh sahib,0,0,8,1,4,0
13-07-2021,fazilka,0,0,15,1,1,0
13-07-2021,firozepur,0,0,15,1,5,0
13-07-2021,gurdaspur,0,0,27,3,15,0
13-07-2021,hoshiarpur,0,0,23,1,18,0
13-07-2021,jalandhar,0,0,51,6,31,0
13-07-2021,kapurthala,0,0,12,2,5,0
13-07-2021,ludhiana,0,0,107,8,39,0
13-07-2021,mansa,0,0,25,0,11,0
13-07-2021,moga,0,0,10,0,6,0
13-07-2021,pathankot,0,0,5,1,3,0
13-07-2021,patiala,1,0,30,2,18,0
13-07-2021,rupnagar (ropar),0,0,2,0,2,0
13-07-2021,s.a.s nagar,0,0,13,0,9,0
13-07-2021,sangrur,0,0,28,1,16,0
13-07-2021,shahid bhagat singh nagar(nawanshahr),0,0,9,1,8,0
13-07-2021,sri muktsar sahib,0,0,33,2,18,0
13-07-2021,tarn taran,0,0,18,1,13,0
13-07-2021,other states,1,0,69,6,34,0
13-07-2021,grand total,3,0,635,51,321,0
11-07-2021,amritsar,0,0,57,4,51,0
11-07-2021,barnala,0,0,13,4,4,0
11-07-2021,bathinda,0,0,52,5,17,0
11-07-2021,faridkot,0,0,12,1,5,0
11-07-2021,fatehgarh sahib,0,0,8,1,4,0
11-07-2021,fazilka,0,0,15,1,1,0
11-07-2021,firozepur,0,0,15,1,5,0
11-07-2021,gurdaspur,0,0,27,3,21,0
11-07-2021,hoshiarpur,1,0,23,1,18,0
11-07-2021,jalandhar,1,0,52,6,31,0
11-07-2021,kapurthala,0,0,12,2,5,0
11-07-2021,ludhiana,0,0,107,8,39,0
11-07-2021,mansa,0,0,25,0,10,0
11-07-2021,moga,0,0,10,0,6,0
11-07-2021,pathankot,0,0,5,1,3,0
11-07-2021,patiala,0,0,29,2,17,0
11-07-2021,rupnagar (ropar),0,0,2,0,2,0
11-07-2021,s.a.s nagar,0,0,13,0,9,0
11-07-2021,sangrur,0,0,28,1,16,0
11-07-2021,shahid bhagat singh nagar(nawanshahr),0,0,9,1,8,0
11-07-2021,sri muktsar sahib,0,0,33,2,16,0
11-07-2021,tarn taran,0,0,18,1,17,0
11-07-2021,other states,1,0,68,6,36,0
11-07-2021,grand total,3,0,633,51,341,0
10-07-2021,amritsar,1,0,57,4,51,0
10-07-2021,barnala,0,0,13,4,4,0
10-07-2021,bathinda,0,0,52,5,17,0
10-07-2021,faridkot,0,0,12,1,5,0
10-07-2021,fatehgarh sahib,0,0,8,1,4,0
10-07-2021,fazilka,0,0,15,1,2,0
10-07-2021,firozepur,0,0,15,1,5,0
10-07-2021,gurdaspur,0,0,27,3,21,0
10-07-2021,hoshiarpur,0,0,22,1,17,0
10-07-2021,jalandhar,0,0,51,6,30,0
10-07-2021,kapurthala,0,0,12,2,5,0
10-07-2021,ludhiana,0,0,107,8,40,0
10-07-2021,mansa,0,0,25,0,11,0
10-07-2021,moga,0,0,10,0,6,0
10-07-2021,pathankot,0,0,5,1,3,0
10-07-2021,patiala,0,0,29,2,17,0
10-07-2021,rupnagar (ropar),0,0,2,0,2,0
10-07-2021,s.a.s nagar,0,0,13,0,9,0
10-07-2021,sangrur,0,0,28,1,16,0
10-07-2021,shahid bhagat singh nagar(nawanshahr),0,0,9,1,8,0
10-07-2021,sri muktsar sahib,1,0,33,2,16,0
10-07-2021,tarn taran,0,0,18,1,17,0
10-07-2021,other states,0,0,67,6,35,0
10-07-2021,grand total,2,0,630,51,341,0
09-07-2021,amritsar,1,0,56,4,50,0
09-07-2021,barnala,0,0,13,4,4,0
09-07-2021,bathinda,0,0,52,5,17,0
09-07-2021,faridkot,0,0,12,1,5,0
09-07-2021,fatehgarh sahib,0,0,8,1,4,0
09-07-2021,fazilka,0,0,15,1,2,0
09-07-2021,firozepur,0,0,15,1,5,0
09-07-2021,gurdaspur,-1,0,27,3,21,0
09-07-2021,hoshiarpur,1,0,22,1,17,0
09-07-2021,jalandhar,4,0,51,6,30,0
09-07-2021,kapurthala,0,0,12,2,5,0
09-07-2021,ludhiana,0,0,107,8,40,0
09-07-2021,mansa,0,0,25,0,11,0
09-07-2021,moga,0,0,10,0,6,0
09-07-2021,pathankot,0,0,5,1,3,0
09-07-2021,patiala,0,0,29,2,17,0
09-07-2021,rupnagar (ropar),0,0,2,0,2,0
09-07-2021,s.a.s nagar,0,0,13,0,9,0
09-07-2021,sangrur,0,0,28,1,16,0
09-07-2021,shahid bhagat singh nagar(nawanshahr),0,0,9,1,8,0
09-07-2021,sri muktsar sahib,0,0,32,2,15,0
09-07-2021,tarn taran,0,0,18,1,17,0
09-07-2021,other states,0,0,67,6,35,0
09-07-2021,grand total,5,0,628,51,339,0
08-07-2021,amritsar,0,0,55,4,49,0
08-07-2021,barnala,0,0,13,4,4,0
08-07-2021,bathinda,0,0,52,5,18,0
08-07-2021,faridkot,0,0,12,1,5,0
08-07-2021,fatehgarh sahib,0,0,8,1,4,0
08-07-2021,fazilka,0,0,15,1,3,0
08-07-2021,firozepur,0,0,15,1,5,0
08-07-2021,gurdaspur,0,0,28,3,22,0
08-07-2021,hoshiarpur,0,0,21,1,16,0
08-07-2021,jalandhar,0,0,47,6,26,0
08-07-2021,kapurthala,0,0,12,2,5,0
08-07-2021,ludhiana,0,0,107,8,40,0
08-07-2021,mansa,0,0,25,0,12,0
08-07-2021,moga,0,0,10,0,6,0
08-07-2021,pathankot,0,0,5,1,3,0
08-07-2021,patiala,0,0,29,2,17,0
08-07-2021,rupnagar (ropar),0,0,2,0,2,0
08-07-2021,s.a.s nagar,0,0,13,0,9,0
08-07-2021,sangrur,1,0,28,1,16,0
08-07-2021,shahid bhagat singh nagar(nawanshahr),0,0,9,1,8,0
08-07-2021,sri muktsar sahib,0,0,32,2,15,0
08-07-2021,tarn taran,0,0,18,1,17,0
08-07-2021,other states,0,0,67,6,35,0
08-07-2021,grand total,1,0,623,51,337,0
07-07-2021,amritsar,1,0,55,4,49,0
07-07-2021,barnala,0,0,13,4,4,0
07-07-2021,bathinda,0,0,52,5,20,0
07-07-2021,faridkot,0,0,12,1,6,0
07-07-2021,fatehgarh sahib,0,0,8,1,4,0
07-07-2021,fazilka,0,0,15,1,4,0
07-07-2021,ferozepur,-1,0,15,1,5,0
07-07-2021,gurdaspur,2,0,28,3,23,0
07-07-2021,hoshiarpur,1,0,21,1,16,0
07-07-2021,jalandhar,0,0,47,6,26,0
07-07-2021,kapurthala,0,0,12,2,5,0
07-07-2021,ludhiana,1,0,107,8,40,0
07-07-2021,mansa,1,0,25,0,12,0
07-07-2021,moga,0,0,10,0,6,0
07-07-2021,pathankot,0,0,5,1,3,0
07-07-2021,patiala,1,0,29,2,17,0
07-07-2021,rupnagar (ropar),0,0,2,0,2,0
07-07-2021,s.a.s nagar,0,0,13,0,9,0
07-07-2021,sangrur,0,0,27,1,15,0
07-07-2021,shahid bhagat singh nagar(nawanshahr),0,0,9,1,8,0
07-07-2021,sri muktsar sahib,0,0,32,2,16,0
07-07-2021,tarn taran,0,0,18,1,17,0
07-07-2021,other states,0,0,67,6,35,0
07-07-2021,grand total,6,0,622,51,342,0
06-07-2021,amritsar,0,0,54,4,48,0
06-07-2021,barnala,0,0,13,4,4,0
06-07-2021,bathinda,2,0,52,5,20,0
06-07-2021,faridkot,0,0,12,1,6,0
06-07-2021,fatehgarh sahib,0,0,8,1,4,0
06-07-2021,fazilka,0,0,15,1,4,0
06-07-2021,firozepur,0,0,16,1,5,0
06-07-2021,gurdaspur,0,0,26,3,21,0
06-07-2021,hoshiarpur,0,0,20,1,16,0
06-07-2021,jalandhar,0,0,47,6,26,0
06-07-2021,kapurthala,0,0,12,2,5,0
06-07-2021,ludhiana,0,0,106,8,39,0
06-07-2021,mansa,0,0,24,0,12,0
06-07-2021,moga,2,0,10,0,6,0
06-07-2021,pathankot,0,0,5,1,3,0
06-07-2021,patiala,0,0,28,2,16,0
06-07-2021,rupnagar (ropar),0,0,2,0,2,0
06-07-2021,s.a.s nagar,1,0,13,0,9,0
06-07-2021,sangrur,0,0,27,1,15,0
06-07-2021,shahid bhagat singh nagar(nawanshahr),0,0,9,1,8,0
06-07-2021,sri muktsar sahib,0,0,32,2,19,0
06-07-2021,tarn taran,0,0,18,1,17,0
06-07-2021,other states,1,0,67,6,36,0
06-07-2021,grand total,6,0,616,51,341,0
05-07-2021,amritsar,-1,0,54,4,48,0
05-07-2021,barnala,1,0,13,4,4,0
05-07-2021,bathinda,1,0,50,5,18,0
05-07-2021,faridkot,0,0,12,1,6,0
05-07-2021,fatehgarh sahib,0,0,8,1,4,0
05-07-2021,fazilka,1,0,15,1,4,0
05-07-2021,firozepur,1,0,16,1,5,0
05-07-2021,gurdaspur,0,0,26,3,21,0
05-07-2021,hoshiarpur,0,0,20,1,16,0
05-07-2021,jalandhar,0,0,47,6,26,0
05-07-2021,kapurthala,0,0,12,2,5,0
05-07-2021,ludhiana,1,0,106,8,39,0
05-07-2021,mansa,0,0,24,0,12,0
05-07-2021,moga,0,0,8,0,4,0
05-07-2021,pathankot,0,0,5,1,3,0
05-07-2021,patiala,0,0,28,2,16,0
05-07-2021,rupnagar (ropar),0,0,2,0,2,0
05-07-2021,s.a.s nagar,0,0,12,0,8,0
05-07-2021,sangrur,0,0,27,1,16,0
05-07-2021,shahidbhagat singh nagar (nawanshahr),0,0,9,1,8,0
05-07-2021,sri muktsar sahib,1,0,32,2,19,0
05-07-2021,tarn taran,0,0,18,1,17,0
05-07-2021,other states,0,0,66,6,35,0
05-07-2021,grand total,5,0,610,51,336,0
04-07-2021,amritsar,2,0,55,4,49,0
04-07-2021,barnala,0,0,12,4,3,0
04-07-2021,bathinda,0,0,49,5,17,0
04-07-2021,faridkot,0,0,12,1,6,0
04-07-2021,fatehgarh sahib,0,0,8,1,4,0
04-07-2021,fazilka,0,0,14,1,3,0
04-07-2021,firozepur,0,0,15,1,5,0
04-07-2021,gurdaspur,1,0,26,3,21,0
04-07-2021,hoshiarpur,0,0,20,1,16,0
04-07-2021,jalandhar,2,0,47,6,26,0
04-07-2021,kapurthala,0,0,12,2,5,0
04-07-2021,ludhiana,0,0,105,8,39,0
04-07-2021,mansa,0,0,24,0,12,0
04-07-2021,moga,0,0,8,0,4,0
04-07-2021,pathankot,0,0,5,1,3,0
04-07-2021,patiala,0,0,28,2,16,0
04-07-2021,rupnagar (ropar),0,0,2,0,2,0
04-07-2021,s.a.s nagar,0,0,12,0,8,0
04-07-2021,sangrur,0,0,27,1,17,0
04-07-2021,shahidbhagat singh nagar(nawanshahr),0,0,9,1,8,0
04-07-2021,sri muktsar sahib,0,0,31,2,18,0
04-07-2021,tarn taran,1,0,18,1,17,0
04-07-2021,other states,0,0,66,6,35,0
04-07-2021,grand total,6,0,605,51,334,0
03-07-2021,amritsar,0,0,53,4,47,0
03-07-2021,barnala,0,0,12,4,4,0
03-07-2021,bathinda,0,0,49,5,17,0
03-07-2021,faridkot,0,0,12,1,6,0
03-07-2021,fatehgarh sahib,0,0,8,1,5,0
03-07-2021,fazilka,0,0,14,1,3,0
03-07-2021,firozepur,0,0,15,1,5,0
03-07-2021,gurdaspur,0,0,25,3,20,0
03-07-2021,hoshiarpur,0,0,20,1,16,0
03-07-2021,jalandhar,0,0,45,6,24,0
03-07-2021,kapurthala,0,0,12,2,5,0
03-07-2021,ludhiana,1,0,105,8,40,0
03-07-2021,mansa,0,0,24,0,12,0
03-07-2021,moga,0,0,8,0,4,0
03-07-2021,pathankot,0,0,5,1,3,0
03-07-2021,patiala,0,0,28,2,19,0
03-07-2021,rupnagar (ropar),0,0,2,0,2,0
03-07-2021,s.a.s nagar,0,0,12,0,8,0
03-07-2021,sangrur,0,0,27,1,18,0
03-07-2021,shahidbhagat singh nagar(nawanshahr),0,0,9,1,8,0
03-07-2021,sri muktsar sahib,0,0,31,2,18,0
03-07-2021,tarn taran,0,0,17,1,16,0
03-07-2021,other states,1,0,66,6,37,0
03-07-2021,grand total,2,0,599,51,337,0
02-07-2021,amritsar,0,0,53,4,47,0
02-07-2021,barnala,0,0,12,4,4,0
02-07-2021,bathinda,0,0,49,5,18,0
02-07-2021,faridkot,0,0,12,1,6,0
02-07-2021,fatehgarh sahib,0,0,8,1,5,0
02-07-2021,fazilka,0,0,14,1,3,0
02-07-2021,firozepur,0,0,15,1,5,0
02-07-2021,gurdaspur,0,0,25,3,20,0
02-07-2021,hoshiarpur,0,0,20,1,16,0
02-07-2021,jalandhar,0,0,45,6,23,0
02-07-2021,kapurthala,0,0,12,2,5,0
02-07-2021,ludhiana,1,0,104,8,44,0
02-07-2021,mansa,1,0,24,0,13,0
02-07-2021,moga,0,0,8,0,4,0
02-07-2021,pathankot,0,0,5,1,3,0
02-07-2021,patiala,1,0,28,2,19,0
02-07-2021,rupnagar (ropar),0,0,2,0,2,0
02-07-2021,s.a.s nagar,0,0,12,0,8,0
02-07-2021,sangrur,0,0,27,1,18,0
02-07-2021,shahidbhagat singh nagar(nawanshahr),0,0,9,1,8,0
02-07-2021,sri muktsar sahib,1,0,31,2,18,0
02-07-2021,tarn taran,0,0,17,1,16,0
02-07-2021,other states,0,0,65,6,36,0
02-07-2021,grand total,4,0,597,51,341,0
01-07-2021,amritsar,1,0,53,4,47,0
01-07-2021,barnala,0,0,12,4,5,0
01-07-2021,bathinda,1,0,49,5,21,0
01-07-2021,faridkot,0,0,12,1,6,0
01-07-2021,fatehgarh sahib,0,0,8,1,5,0
01-07-2021,fazilka,0,0,14,1,4,0
01-07-2021,firozepur,0,0,15,1,6,0
01-07-2021,gurdaspur,0,0,25,3,20,0
01-07-2021,hoshiarpur,0,0,20,1,16,0
01-07-2021,jalandhar,0,0,45,6,23,0
01-07-2021,kapurthala,0,0,12,2,5,0
01-07-2021,ludhiana,0,0,103,8,45,0
01-07-2021,mansa,1,0,23,0,13,0
01-07-2021,moga,0,0,8,0,4,0
01-07-2021,pathankot,0,0,5,1,3,0
01-07-2021,patiala,1,0,27,2,18,0
01-07-2021,rupnagar (ropar),0,0,2,0,2,0
01-07-2021,s.a.s nagar,1,0,12,0,8,0
01-07-2021,sangrur,0,0,27,1,20,0
01-07-2021,shahidbhagat singh nagar(nawanshahr),0,0,9,1,8,0
01-07-2021,sri muktsar sahib,0,0,30,2,17,0
01-07-2021,tarn taran,0,0,17,1,16,0
01-07-2021,other states,1,0,65,6,37,0
01-07-2021,grand total,6,0,593,51,349,0
30-06-2021,amritsar,0,0,52,4,46,0
30-06-2021,barnala,0,0,12,4,5,0
30-06-2021,bathinda,2,0,48,5,21,0
30-06-2021,faridkot,0,0,12,1,7,0
30-06-2021,fatehgarh sahib,0,0,8,1,6,0
30-06-2021,fazilka,0,0,14,1,4,0
30-06-2021,firozepur,0,0,15,1,6,0
30-06-2021,gurdaspur,1,0,25,3,20,0
30-06-2021,hoshiarpur,0,0,20,1,16,0
30-06-2021,jalandhar,0,0,45,6,23,0
30-06-2021,kapurthala,0,0,12,2,5,0
30-06-2021,ludhiana,1,0,103,8,46,0
30-06-2021,mansa,1,0,22,0,12,0
30-06-2021,moga,1,0,8,0,4,0
30-06-2021,pathankot,0,0,5,1,3,0
30-06-2021,patiala,1,0,26,2,20,0
30-06-2021,rupnagar (ropar),0,0,2,0,2,0
30-06-2021,s.a.s nagar,0,0,11,0,8,0
30-06-2021,sangrur,1,0,27,1,20,0
30-06-2021,shahid bhagat singh nagar(nawanshahr),0,0,9,1,8,0
30-06-2021,sri muktsar sahib,0,0,30,2,17,0
30-06-2021,tarn taran,0,0,17,1,16,0
30-06-2021,other states,1,0,64,6,37,0
30-06-2021,grand total,9,0,587,51,352,0
29-06-2021,amritsar,0,0,52,4,46,0
29-06-2021,barnala,1,0,12,4,5,0
29-06-2021,bathinda,1,0,46,5,19,0
29-06-2021,faridkot,0,0,12,1,7,0
29-06-2021,fatehgarh sahib,0,0,8,1,6,0
29-06-2021,fazilka,0,0,14,1,5,0
29-06-2021,firozepur,0,0,15,1,6,0
29-06-2021,gurdaspur,0,0,24,3,19,0
29-06-2021,hoshiarpur,0,0,20,1,16,0
29-06-2021,jalandhar,0,0,45,6,23,0
29-06-2021,kapurthala,0,0,12,2,5,0
29-06-2021,ludhiana,1,0,102,8,45,0
29-06-2021,mansa,1,0,21,11,0,0
29-06-2021,moga,0,0,7,3,0,0
29-06-2021,pathankot,0,0,5,1,3,0
29-06-2021,patiala,0,0,25,2,19,0
29-06-2021,rupnagar (ropar),0,0,2,2,0,0
29-06-2021,s.a.s nagar,0,0,11,8,0,0
29-06-2021,sangrur,1,0,26,1,19,0
29-06-2021,shahid bhagat singh nagar(nawanshahr),0,0,9,1,8,0
29-06-2021,sri muktsar sahib,0,0,30,2,17,0
29-06-2021,tarn taran,1,0,17,1,16,0
29-06-2021,other states,1,0,63,6,37,0
29-06-2021,grand total,7,0,578,51,345,0
28-06-2021,amritsar,0,0,52,4,46,0
28-06-2021,barnala,0,0,11,4,4,0
28-06-2021,bathinda,1,0,45,5,19,0
28-06-2021,faridkot,1,0,12,1,7,0
28-06-2021,fatehgarh sahib,0,0,8,1,6,0
28-06-2021,fazilka,0,0,14,1,5,0
28-06-2021,firozepur,2,0,15,1,6,0
28-06-2021,gurdaspur,0,0,24,3,19,0
28-06-2021,hoshiarpur,0,0,20,1,16,0
28-06-2021,jalandhar,2,0,45,6,23,0
28-06-2021,kapurthala,0,0,12,2,5,0
28-06-2021,ludhiana,-1,0,101,8,44,0
28-06-2021,mansa,0,0,20,10,0,0
28-06-2021,moga,-1,0,7,3,0,0
28-06-2021,pathankot,0,0,5,1,3,0
28-06-2021,patiala,0,0,25,2,18,0
28-06-2021,rupnagar (ropar),0,0,2,2,0,0
28-06-2021,s.a.s nagar,0,0,11,8,0,0
28-06-2021,sangrur,-1,0,25,1,18,0
28-06-2021,shahidbhagat singh nagar(nawanshahr),1,0,9,1,8,0
28-06-2021,sri muktsar sahib,-1,0,30,2,17,0
28-06-2021,tarn taran,0,0,16,1,15,0
28-06-2021,other states,1,0,62,6,36,0
28-06-2021,grand total,4,0,571,51,338,0
27-06-2021,amritsar,0,0,52,4,46,0
27-06-2021,barnala,0,0,11,4,4,0
27-06-2021,bathinda,-4,0,44,5,18,0
27-06-2021,faridkot,1,0,11,1,6,0
27-06-2021,fatehgarh sahib,0,0,8,1,6,0
27-06-2021,fazilka,1,0,14,1,5,0
27-06-2021,firozepur,1,0,13,1,5,0
27-06-2021,gurdaspur,0,0,24,3,19,0
27-06-2021,hoshiarpur,1,0,20,1,16,0
27-06-2021,jalandhar,1,0,43,6,23,0
27-06-2021,kapurthala,0,0,12,2,6,0
27-06-2021,ludhiana,1,0,102,8,45,0
27-06-2021,mansa,0,0,20,10,0,0
27-06-2021,moga,0,0,8,4,0,0
27-06-2021,pathankot,0,0,5,1,3,0
27-06-2021,patiala,0,0,25,2,18,0
27-06-2021,rupnagar (ropar),0,0,2,2,0,0
27-06-2021,s.a.s nagar,0,0,11,8,0,0
27-06-2021,sangrur,2,0,26,1,19,0
27-06-2021,shahid bhagat singh nagar(nawanshahr),0,0,8,1,7,0
27-06-2021,sri muktsar sahib,0,0,31,2,18,0
27-06-2021,tarn taran,1,0,16,1,15,0
27-06-2021,other states,1,0,61,6,36,0
27-06-2021,grand total,6,0,567,51,339,0
26-06-2021,amritsar,2,0,52,4,47,0
26-06-2021,barnala,0,0,11,4,4,0
26-06-2021,bathinda,0,0,48,5,18,0
26-06-2021,faridkot,0,0,10,1,6,0
26-06-2021,fatehgarh sahib,0,0,8,1,6,0
26-06-2021,fazilka,0,0,13,1,5,0
26-06-2021,firozepur,0,0,12,1,5,0
26-06-2021,gurdaspur,1,0,24,3,19,0
26-06-2021,hoshiarpur,2,0,19,1,15,0
26-06-2021,jalandhar,0,0,42,6,22,0
26-06-2021,kapurthala,0,0,12,2,8,0
26-06-2021,ludhiana,0,0,101,8,55,0
26-06-2021,mansa,0,0,20,10,0,0
26-06-2021,moga,0,0,8,4,0,0
26-06-2021,pathankot,0,0,5,1,3,0
26-06-2021,patiala,0,0,25,2,18,0
26-06-2021,rupnagar (ropar),0,0,2,2,0,0
26-06-2021,s.a.s nagar,0,0,11,8,0,0
26-06-2021,sangrur,-1,0,24,1,20,0
26-06-2021,shahidbhagat singh nagar(nawanshahr),0,0,8,1,7,0
26-06-2021,sri muktsar sahib,0,0,31,2,18,0
26-06-2021,tarn taran,2,0,15,1,14,0
26-06-2021,other states,1,0,60,6,37,0
26-06-2021,grand total,7,0,561,51,351,0
25-06-2021,amritsar,0,0,50,4,45,0
25-06-2021,barnala,1,0,11,4,5,0
25-06-2021,bathinda,-1,0,48,5,18,0
25-06-2021,faridkot,0,0,10,1,6,0
25-06-2021,fatehgarh sahib,0,0,8,1,6,0
25-06-2021,fazilka,0,0,13,1,5,0
25-06-2021,firozepur,0,0,12,1,5,0
25-06-2021,gurdaspur,0,0,23,3,18,0
25-06-2021,hoshiarpur,0,0,17,1,13,0
25-06-2021,jalandhar,-1,0,42,6,22,0
25-06-2021,kapurthala,0,0,12,2,8,0
25-06-2021,ludhiana,4,0,101,8,55,0
25-06-2021,mansa,2,0,20,10,0,0
25-06-2021,moga,0,0,8,5,0,0
25-06-2021,pathankot,0,0,5,1,3,0
25-06-2021,patiala,0,0,25,2,18,0
25-06-2021,rupnagar (ropar),0,0,2,2,0,0
25-06-2021,s.a.s nagar,1,0,11,8,0,0
25-06-2021,sangrur,0,0,25,1,21,0
25-06-2021,shahid bhagat singh nagar(nawanshahr),0,0,8,1,7,0
25-06-2021,sri muktsar sahib,0,0,31,2,18,0
25-06-2021,tarn taran,0,0,13,1,12,0
25-06-2021,other states,-1,0,59,6,36,0
25-06-2021,grand total,5,0,554,51,346,0
24-06-2021,amritsar,0,0,50,4,45,0
24-06-2021,barnala,0,0,10,4,4,0
24-06-2021,bathinda,0,0,49,5,18,0
24-06-2021,faridkot,0,0,10,1,7,0
24-06-2021,fatehgarh sahib,0,0,8,1,6,0
24-06-2021,fazilka,0,0,13,1,6,0
24-06-2021,firozepur,0,0,12,1,5,0
24-06-2021,gurdaspur,0,0,23,3,18,0
24-06-2021,hoshiarpur,0,0,17,1,13,0
24-06-2021,jalandhar,0,0,43,6,23,0
24-06-2021,kapurthala,0,0,12,2,8,0
24-06-2021,ludhiana,0,0,97,8,55,0
24-06-2021,mansa,1,0,18,8,0,0
24-06-2021,moga,0,0,8,5,0,0
24-06-2021,pathankot,0,0,5,1,3,0
24-06-2021,patiala,0,0,25,2,18,0
24-06-2021,rupnagar (ropar),0,0,2,2,0,0
24-06-2021,s.a.s nagar,0,0,10,7,0,0
24-06-2021,sangrur,0,0,25,1,21,0
24-06-2021,shahid bhagat singh nagar(nawanshahr),0,0,8,1,7,0
24-06-2021,sri muktsar sahib,1,0,31,2,18,0
24-06-2021,tarn taran,0,0,13,1,12,0
24-06-2021,other states,0,0,60,6,38,0
24-06-2021,grand total,2,0,549,51,347,0
23-06-2021,amritsar,2,0,50,4,45,0
23-06-2021,barnala,0,0,10,4,4,0
23-06-2021,bathinda,0,0,49,5,18,0
23-06-2021,faridkot,1,0,10,1,7,0
23-06-2021,fatehgarh sahib,0,0,8,1,6,0
23-06-2021,fazilka,0,0,13,1,7,0
23-06-2021,firozepur,0,0,12,1,5,0
23-06-2021,gurdaspur,0,0,23,3,18,0
23-06-2021,hoshiarpur,0,0,17,1,13,0
23-06-2021,jalandhar,0,0,43,6,24,0
23-06-2021,kapurthala,0,0,12,2,8,0
23-06-2021,ludhiana,2,0,97,8,55,0
23-06-2021,mansa,2,0,17,8,0,0
23-06-2021,moga,2,0,8,5,0,0
23-06-2021,pathankot,0,0,5,1,3,0
23-06-2021,patiala,0,0,25,2,18,0
23-06-2021,rupnagar (ropar),1,0,2,2,0,0
23-06-2021,s.a.s nagar,0,0,10,7,0,0
23-06-2021,sangrur,1,0,25,1,21,0
23-06-2021,shahidbhagat singh nagar(nawanshahr),0,0,8,1,7,0
23-06-2021,sri muktsar sahib,0,0,30,2,18,0
23-06-2021,tarn taran,1,0,13,1,12,0
23-06-2021,other states,0,0,60,6,38,0
23-06-2021,grand total,12,0,547,51,349,0
22-06-2021,amritsar,4,0,48,4,43,0
22-06-2021,barnala,0,0,10,4,4,0
22-06-2021,bathinda,0,0,49,5,18,0
22-06-2021,faridkot,-1,0,9,1,7,0
22-06-2021,fatehgarh sahib,1,0,8,1,6,0
22-06-2021,fazilka,0,0,13,1,7,0
22-06-2021,firozepur,0,0,12,1,5,0
22-06-2021,gurdaspur,0,0,23,3,18,0
22-06-2021,hoshiarpur,1,0,17,1,13,0
22-06-2021,jalandhar,0,0,43,6,24,0
22-06-2021,kapurthala,0,0,12,2,8,0
22-06-2021,ludhiana,0,0,95,8,54,0
22-06-2021,mansa,2,0,15,7,0,0
22-06-2021,moga,0,0,6,3,0,0
22-06-2021,pathankot,0,0,5,1,3,0
22-06-2021,patiala,0,0,25,2,18,0
22-06-2021,rupnagar (ropar),0,0,1,1,0,0
22-06-2021,s.a.s nagar,0,0,10,7,0,0
22-06-2021,sangrur,1,0,24,1,20,0
22-06-2021,shahid bhagat singh nagar(nawanshahr),0,0,8,1,7,0
22-06-2021,sri muktsar sahib,2,0,30,2,18,0
22-06-2021,tarn taran,0,0,12,1,11,0
22-06-2021,other states,0,0,60,6,38,0
22-06-2021,grand total,10,0,535,51,340,0
21-06-2021,amritsar,1,0,44,4,39,0
21-06-2021,barnala,0,0,10,4,4,0
21-06-2021,bathinda,0,0,49,5,19,0
21-06-2021,faridkot,2,0,10,1,8,0
21-06-2021,fatehgarh sahib,0,0,7,1,5,0
21-06-2021,fazilka,0,0,13,1,7,0
21-06-2021,ferozepur,-1,0,12,1,5,0
21-06-2021,gurdaspur,0,0,23,3,18,0
21-06-2021,hoshiarpur,0,0,16,1,12,0
21-06-2021,jalandhar,0,0,43,6,24,0
21-06-2021,kapurthala,0,0,12,2,8,0
21-06-2021,ludhiana,1,0,95,8,54,0
21-06-2021,mansa,2,0,13,7,0,0
21-06-2021,moga,0,0,6,3,0,0
21-06-2021,pathankot,0,0,5,1,3,0
21-06-2021,patiala,0,0,25,2,18,0
21-06-2021,rupnagar (ropar),0,0,1,1,0,0
21-06-2021,s.a.s nagar,1,0,10,7,0,0
21-06-2021,sangrur,0,0,23,1,19,0
21-06-2021,shahidbhagat singh nagar(nawanshahr),1,0,8,1,7,0
21-06-2021,sri muktsar sahib,2,0,28,2,16,0
21-06-2021,tarn taran,1,0,12,1,11,0
21-06-2021,other states,2,0,60,6,38,0
21-06-2021,grand total,12,0,525,51,333,0
20-06-2021,amritsar,0,0,43,4,38,0
20-06-2021,barnala,0,0,10,4,4,0
20-06-2021,bathinda,0,0,49,5,19,0
20-06-2021,faridkot,0,0,8,1,6,0
20-06-2021,fatehgarh sahib,1,0,7,1,5,0
20-06-2021,fazilka,0,0,13,1,7,0
20-06-2021,firozepur,0,0,13,1,6,0
20-06-2021,gurdaspur,0,0,23,3,18,0
20-06-2021,hoshiarpur,0,0,16,1,12,0
20-06-2021,jalandhar,0,0,43,6,24,0
20-06-2021,kapurthala,0,0,12,2,8,0
20-06-2021,ludhiana,1,0,94,8,57,0
20-06-2021,mansa,0,0,11,5,0,0
20-06-2021,moga,0,0,6,3,0,0
20-06-2021,pathankot,0,0,5,1,3,0
20-06-2021,patiala,0,0,25,2,18,0
20-06-2021,rupnagar (ropar),0,0,1,1,0,0
20-06-2021,s.a.s nagar,0,0,9,6,0,0
20-06-2021,sangrur,2,0,23,1,19,0
20-06-2021,shahid bhagat singh nagar(nawanshahr),0,0,7,1,6,0
20-06-2021,sri muktsar sahib,1,0,26,2,15,0
20-06-2021,tarn taran,0,0,11,1,10,0
20-06-2021,other states,0,0,58,6,37,0
20-06-2021,grand total,5,0,513,51,327,0
19-06-2021,amritsar,0,0,43,4,38,0
19-06-2021,barnala,0,0,10,4,4,0
19-06-2021,bathinda,2,0,49,5,19,0
19-06-2021,faridkot,0,0,8,1,6,0
19-06-2021,fatehgarh sahib,0,0,6,1,4,0
19-06-2021,fazilka,0,0,13,1,7,0
19-06-2021,firozepur,1,0,13,1,6,0
19-06-2021,gurdaspur,2,0,23,3,18,0
19-06-2021,hoshiarpur,3,0,16,1,12,0
19-06-2021,jalandhar,4,0,43,6,24,0
19-06-2021,kapurthala,0,0,12,2,8,0
19-06-2021,ludhiana,1,0,93,8,56,0
19-06-2021,mansa,0,0,11,5,0,0
19-06-2021,moga,0,0,6,3,0,0
19-06-2021,pathankot,0,0,5,1,3,0
19-06-2021,patiala,0,0,25,2,18,0
19-06-2021,rupnagar (ropar),0,0,1,1,0,0
19-06-2021,s.a.s nagar,0,0,9,6,0,0
19-06-2021,sangrur,0,0,21,1,17,0
19-06-2021,shahid bhagat singh nagar(nawanshahr),0,0,7,1,6,0
19-06-2021,sri muktsar sahib,0,0,25,2,15,0
19-06-2021,tarn taran,0,0,11,1,10,0
19-06-2021,other states,0,0,58,6,37,0
19-06-2021,grand total,13,0,508,51,323,0
18-06-2021,amritsar,1,0,43,4,38,0
18-06-2021,barnala,0,0,10,4,4,0
18-06-2021,bathinda,0,0,47,5,18,0
18-06-2021,faridkot,0,0,8,1,6,0
18-06-2021,fatehgarh sahib,0,0,6,1,4,0
18-06-2021,fazilka,0,0,13,1,7,0
18-06-2021,firozepur,0,0,12,1,5,0
18-06-2021,gurdaspur,1,0,21,3,17,0
18-06-2021,hoshiarpur,0,0,13,1,9,0
18-06-2021,jalandhar,3,0,39,6,20,0
18-06-2021,kapurthala,0,0,12,2,8,0
18-06-2021,ludhiana,3,0,92,8,55,0
18-06-2021,mansa,0,0,11,5,0,0
18-06-2021,moga,0,0,6,3,0,0
18-06-2021,pathankot,0,0,5,1,3,0
18-06-2021,patiala,1,0,25,2,18,0
18-06-2021,rupnagar (ropar),0,0,1,1,0,0
18-06-2021,s.a.s nagar,0,0,9,6,0,0
18-06-2021,sangrur,3,0,21,1,18,0
18-06-2021,shahid bhagat singh nagar(nawanshahr),0,0,7,1,6,0
18-06-2021,sri muktsar sahib,1,0,25,2,16,0
18-06-2021,tarn taran,2,0,11,1,10,0
18-06-2021,other states,1,0,58,6,37,0
18-06-2021,grand total,16,0,495,51,314,0
17-06-2021,amritsar,0,0,42,4,37,0
17-06-2021,barnala,0,0,10,4,4,0
17-06-2021,bathinda,0,0,47,5,22,0
17-06-2021,faridkot,0,0,8,1,6,0
17-06-2021,fatehgarh sahib,0,0,6,1,4,0
17-06-2021,fazilka,0,0,13,1,8,0
17-06-2021,firozepur,1,0,12,1,5,0
17-06-2021,gurdaspur,1,0,20,3,16,0
17-06-2021,hoshiarpur,1,0,13,1,9,0
17-06-2021,jalandhar,0,0,36,6,17,0
17-06-2021,kapurthala,0,0,12,2,8,0
17-06-2021,ludhiana,5,0,89,8,54,0
17-06-2021,mansa,0,0,11,5,0,0
17-06-2021,moga,0,0,6,3,0,0
17-06-2021,pathankot,0,0,5,1,3,0
17-06-2021,patiala,0,0,24,2,17,0
17-06-2021,rupnagar (ropar),0,0,1,1,0,0
17-06-2021,s.a.s nagar,0,0,9,6,0,0
17-06-2021,sangrur,0,0,18,1,15,0
17-06-2021,shahidbhagat singh nagar(nawanshahr),1,0,7,1,6,0
17-06-2021,sri muktsar sahib,1,0,24,2,16,0
17-06-2021,tarn taran,2,0,9,1,8,0
17-06-2021,other states,0,1,57,6,37,0
17-06-2021,grand total,12,1,479,51,307,0
16-06-2021,amritsar,-1,0,42,4,37,0
16-06-2021,barnala,0,0,10,4,4,0
16-06-2021,bathinda,2,0,47,6,23,0
16-06-2021,faridkot,0,0,8,1,6,0
16-06-2021,fatehgarh sahib,1,0,6,1,4,0
16-06-2021,fazilka,0,0,13,1,8,0
16-06-2021,firozepur,2,0,11,1,4,0
16-06-2021,gurdaspur,0,0,19,3,15,0
16-06-2021,hoshiarpur,1,0,12,1,8,0
16-06-2021,jalandhar,0,0,36,6,17,0
16-06-2021,kapurthala,0,0,12,2,8,0
16-06-2021,ludhiana,5,0,84,8,49,0
16-06-2021,mansa,0,0,11,8,0,0
16-06-2021,moga,0,0,6,3,0,0
16-06-2021,pathankot,0,0,5,1,3,0
16-06-2021,patiala,2,0,24,1,18,0
16-06-2021,rupnagar (ropar),0,0,1,1,0,0
16-06-2021,s.a.s nagar,0,0,9,6,0,0
16-06-2021,sangrur,0,0,18,1,15,0
16-06-2021,shahidbhagat singh nagar(nawanshahr),0,0,6,1,5,0
16-06-2021,sri muktsar sahib,1,0,23,2,16,0
16-06-2021,tarn taran,0,0,7,1,6,0
16-06-2021,other states,3,0,57,5,39,0
16-06-2021,grand total,16,0,467,50,303,0
15-06-2021,amritsar,6,0,43,4,38,0
15-06-2021,barnala,1,0,10,4,4,0
15-06-2021,bathinda,-4,0,45,6,25,0
15-06-2021,faridkot,2,0,8,1,6,0
15-06-2021,fatehgarh sahib,1,0,5,1,4,0
15-06-2021,fazilka,-1,0,13,1,8,0
15-06-2021,firozepur,0,0,9,1,4,0
15-06-2021,gurdaspur,1,0,19,3,15,0
15-06-2021,hoshiarpur,0,0,11,1,8,0
15-06-2021,jalandhar,1,0,36,6,19,0
15-06-2021,kapurthala,0,0,12,2,8,0
15-06-2021,ludhiana,4,0,79,8,48,0
15-06-2021,mansa,-1,0,11,9,0,0
15-06-2021,moga,0,0,6,4,0,0
15-06-2021,pathankot,0,0,5,1,3,0
15-06-2021,patiala,0,0,22,1,16,0
15-06-2021,rupnagar (ropar),0,0,1,1,0,0
15-06-2021,s.a.s nagar,0,0,9,7,0,0
15-06-2021,sangrur,1,0,18,1,16,0
15-06-2021,shahidbhagat singh nagar(nawanshahr),0,0,6,1,5,0
15-06-2021,sri muktsar sahib,-2,0,22,2,16,0
15-06-2021,tarn taran,0,0,7,1,6,0
15-06-2021,other states,1,0,54,5,44,0
15-06-2021,grand total,10,0,451,50,314,0
14-06-2021,amritsar,0,0,37,4,32,0
14-06-2021,barnala,0,1,9,3,4,0
14-06-2021,bathinda,8,1,49,5,31,0
14-06-2021,faridkot,-1,0,6,1,4,0
14-06-2021,fatehgarh sahib,0,0,4,1,3,0
14-06-2021,fazilka,1,0,14,1,9,0
14-06-2021,firozepur,0,0,9,1,4,0
14-06-2021,gurdaspur,-1,-1,18,4,14,0
14-06-2021,hoshiarpur,0,0,11,1,8,0
14-06-2021,jalandhar,-3,-2,35,8,18,0
14-06-2021,kapurthala,0,0,12,2,8,0
14-06-2021,ludhiana,-1,0,75,8,45,0
14-06-2021,mansa,1,0,12,0,10,0
14-06-2021,moga,0,0,6,0,5,0
14-06-2021,pathankot,0,0,5,1,2,0
14-06-2021,patiala,1,0,22,1,16,0
14-06-2021,rupnagar (ropar),0,0,1,0,1,0
14-06-2021,s.a.s nagar,0,0,9,0,8,0
14-06-2021,sangrur,1,0,17,1,15,0
14-06-2021,shahidbhagat singh nagar(nawanshahr),0,0,6,1,5,0
14-06-2021,sri muktsar sahib,2,0,24,2,18,0
14-06-2021,tarn taran,0,0,7,1,6,0
14-06-2021,other states,2,1,53,4,42,0
14-06-2021,grand total,10,0,441,50,308,0
13-06-2021,amritsar,-2,0,37,4,32,0
13-06-2021,barnala,2,0,9,3,5,0
13-06-2021,bathinda,3,0,41,5,25,0
13-06-2021,faridkot,0,0,7,1,5,0
13-06-2021,fatehgarh sahib,0,0,4,1,3,0
13-06-2021,fazilka,0,0,13,1,9,0
13-06-2021,firozepur,-2,0,9,1,4,0
13-06-2021,gurdaspur,0,0,19,4,14,0
13-06-2021,hoshiarpur,0,0,11,1,8,0
13-06-2021,jalandhar,-1,0,38,8,19,0
13-06-2021,kapurthala,0,0,12,2,8,0
13-06-2021,ludhiana,6,0,76,8,46,0
13-06-2021,mansa,1,0,11,0,9,0
13-06-2021,moga,1,0,6,0,5,0
13-06-2021,pathankot,0,0,5,1,2,0
13-06-2021,patiala,-1,0,21,1,15,0
13-06-2021,rupnagar (ropar),0,0,1,0,1,0
13-06-2021,s.a.s nagar,0,0,9,0,8,0
13-06-2021,sangrur,1,0,16,1,14,0
13-06-2021,shahidbhagat singh nagar(nawanshahr),0,0,6,1,5,0
13-06-2021,sri muktsar sahib,2,0,22,2,16,0
13-06-2021,tarn taran,1,0,7,1,6,0
13-06-2021,other states,1,0,51,4,42,0
13-06-2021,grand total,12,0,431,50,301,0
12-06-2021,amritsar,2,0,39,4,34,0
12-06-2021,barnala,0,0,7,3,3,0
12-06-2021,bathinda,0,0,38,5,22,0
12-06-2021,faridkot,0,0,7,1,5,0
12-06-2021,fatehgarh sahib,0,0,4,1,3,0
12-06-2021,fazilka,0,0,13,1,9,0
12-06-2021,firozepur,1,0,11,1,6,0
12-06-2021,gurdaspur,0,0,19,4,14,0
12-06-2021,hoshiarpur,0,0,11,1,8,0
12-06-2021,jalandhar,0,0,39,8,20,0
12-06-2021,kapurthala,0,0,12,2,8,0
12-06-2021,ludhiana,1,0,70,8,44,0
12-06-2021,mansa,0,0,10,8,0,0
12-06-2021,moga,0,0,5,4,0,0
12-06-2021,pathankot,1,0,5,1,3,0
12-06-2021,patiala,0,0,22,1,15,0
12-06-2021,rupnagar (ropar),0,0,1,1,0,0
12-06-2021,s.a.s nagar,0,0,9,8,0,0
12-06-2021,sangrur,0,0,15,1,13,0
12-06-2021,shahidbhagat singh nagar(nawanshahr),0,0,6,1,5,0
12-06-2021,sri muktsar sahib,0,0,20,2,14,0
12-06-2021,tarn taran,0,0,6,1,5,0
12-06-2021,other states,0,0,50,4,41,0
12-06-2021,grand total,5,0,419,50,293,0
11-06-2021,amritsar,0,0,37,4,32,0
11-06-2021,barnala,0,0,7,3,3,0
11-06-2021,bathinda,1,0,38,5,22,0
11-06-2021,faridkot,0,0,7,1,5,0
11-06-2021,fatehgarh sahib,0,0,4,1,3,0
11-06-2021,fazilka,0,0,13,1,9,0
11-06-2021,firozepur,2,0,10,1,5,0
11-06-2021,gurdaspur,0,0,19,4,14,0
11-06-2021,hoshiarpur,0,0,11,1,8,0
11-06-2021,jalandhar,0,0,39,8,20,0
11-06-2021,kapurthala,0,1,12,2,8,0
11-06-2021,ludhiana,2,0,69,8,43,0
11-06-2021,mansa,1,0,10,8,0,0
11-06-2021,moga,0,0,5,4,0,0
11-06-2021,pathankot,0,0,4,1,2,0
11-06-2021,patiala,0,0,22,1,15,0
11-06-2021,rupnagar (ropar),0,0,1,1,0,0
11-06-2021,s.a.s nagar,0,0,9,8,0,0
11-06-2021,sangrur,0,0,15,1,13,0
11-06-2021,shahidbhagat singh nagar(nawanshahr),0,0,6,1,5,0
11-06-2021,sri muktsar sahib,0,0,20,2,14,0
11-06-2021,tarn taran,0,0,6,1,5,0
11-06-2021,other states,3,0,50,4,41,0
11-06-2021,grand total,9,1,414,50,288,0
10-06-2021,amritsar,0,0,37,4,32,0
10-06-2021,barnala,1,0,7,3,4,0
10-06-2021,bathinda,1,0,37,5,23,0
10-06-2021,faridkot,1,0,7,1,5,0
10-06-2021,fatehgarh sahib,0,0,4,1,3,0
10-06-2021,fazilka,0,0,13,1,10,0
10-06-2021,firozepur,0,0,8,1,4,0
10-06-2021,gurdaspur,0,0,19,4,14,0
10-06-2021,hoshiarpur,0,0,11,1,8,0
10-06-2021,jalandhar,0,0,39,8,20,0
10-06-2021,kapurthala,0,0,12,1,9,0
10-06-2021,ludhiana,0,0,67,8,43,0
10-06-2021,mansa,1,0,9,0,7,0
10-06-2021,moga,0,0,5,0,4,0
10-06-2021,pathankot,0,0,4,1,2,0
10-06-2021,patiala,0,0,22,1,15,0
10-06-2021,rupnagar (ropar),0,0,1,0,1,0
10-06-2021,s.a.s nagar,0,0,9,0,8,0
10-06-2021,sangrur,1,0,15,1,13,0
10-06-2021,shahid bhagat singh nagar(nawanshahr),0,0,6,1,5,0
10-06-2021,sri muktsar sahib,0,0,20,2,14,0
10-06-2021,tarn taran,0,0,6,1,5,0
10-06-2021,other states,1,0,47,4,38,0
10-06-2021,grand total,6,0,405,49,287,0
09-06-2021,amritsar,4,0,37,4,28,0
09-06-2021,barnala,-2,-1,6,3,4,0
09-06-2021,bathinda,-2,0,36,5,26,0
09-06-2021,faridkot,0,0,6,1,4,0
09-06-2021,fatehgarh sahib,0,0,4,1,3,0
09-06-2021,fazilka,0,0,13,1,10,0
09-06-2021,firozepur,0,0,8,1,4,0
09-06-2021,gurdaspur,4,0,19,4,10,0
09-06-2021,hoshiarpur,1,0,11,1,7,0
09-06-2021,jalandhar,2,0,39,8,19,0
09-06-2021,kapurthala,-4,0,12,1,13,0
09-06-2021,ludhiana,7,0,67,8,36,0
09-06-2021,mansa,-1,0,8,0,7,0
09-06-2021,moga,-1,0,5,0,6,0
09-06-2021,pathankot,2,0,4,1,1,0
09-06-2021,patiala,-1,-1,22,1,15,0
09-06-2021,rupnagar (ropar),1,0,1,0,0,0
09-06-2021,s.a.s nagar,0,0,9,0,8,0
09-06-2021,sangrur,1,0,14,1,11,0
09-06-2021,shahid bhagat singh nagar(nawanshahr),0,0,6,1,5,0
09-06-2021,sri muktsar sahib,-1,0,20,2,16,0
09-06-2021,tarn taran,1,0,6,1,4,0
09-06-2021,other states,-3,-1,46,4,39,0
09-06-2021,grand total,8,-3,399,49,276,0
08-06-2021,amritsar,0,0,33,4,28,0
08-06-2021,barnala,-1,0,8,4,4,0
08-06-2021,bathinda,2,0,38,5,26,0
08-06-2021,faridkot,0,0,6,1,4,0
08-06-2021,fatehgarh sahib,0,0,4,1,3,0
08-06-2021,fazilka,2,0,13,1,10,0
08-06-2021,firozepur,0,0,8,1,4,0
08-06-2021,gurdaspur,0,0,15,4,10,0
08-06-2021,hoshiarpur,1,0,10,1,7,0
08-06-2021,jalandhar,2,0,37,8,19,0
08-06-2021,kapurthala,-3,-1,16,1,13,0
08-06-2021,ludhiana,1,0,60,8,36,0
08-06-2021,mansa,0,0,9,0,7,0
08-06-2021,moga,2,0,6,0,6,0
08-06-2021,pathankot,0,0,2,1,1,0
08-06-2021,patiala,0,0,23,2,15,0
08-06-2021,rupnagar (ropar),-1,0,0,0,0,0
08-06-2021,s.a.s nagar,0,0,9,0,8,0
08-06-2021,sangrur,1,0,13,1,11,0
08-06-2021,shahidbhagat singhnagar (nawanshahr),1,0,6,1,5,0
08-06-2021,sri muktsar sahib,-1,1,21,2,16,0
08-06-2021,tarn taran,0,0,5,1,4,0
08-06-2021,other states,1,0,49,5,39,0
08-06-2021,grand total,7,0,391,52,276,0
07-06-2021,amritsar,2,0,33,4,28,0
07-06-2021,barnala,0,0,9,4,5,0
07-06-2021,bathinda,1,0,36,5,21,0
07-06-2021,faridkot,0,0,6,1,4,0
07-06-2021,fatehgarh sahib,0,0,4,1,3,0
07-06-2021,fazilka,0,0,11,1,8,0
07-06-2021,firozepur,-1,0,8,1,4,0
07-06-2021,gurdaspur,0,0,15,4,10,0
07-06-2021,hoshiarpur,0,0,9,1,6,0
07-06-2021,jalandhar,0,0,35,8,17,0
07-06-2021,kapurthala,2,0,19,2,15,0
07-06-2021,ludhiana,-1,0,59,8,35,0
07-06-2021,mansa,1,0,9,8,0,0
07-06-2021,moga,0,0,4,4,0,0
07-06-2021,pathankot,0,0,2,1,1,0
07-06-2021,patiala,-4,0,23,2,16,0
07-06-2021,rupnagar (ropar),0,0,1,1,0,0
07-06-2021,s.a.s nagar,0,0,9,8,0,0
07-06-2021,sangrur,-1,0,12,1,11,0
07-06-2021,shahidbhagat singhnagar (nawanshahr),2,0,5,1,4,0
07-06-2021,sri muktsar sahib,1,0,22,1,18,0
07-06-2021,tarn taran,0,0,5,1,4,0
07-06-2021,other states,1,-1,48,5,38,0
07-06-2021,grand total,3,-1,384,52,269,0
06-06-2021,amritsar,4,0,31,4,26,0
06-06-2021,barnala,0,0,9,4,5,0
06-06-2021,bathinda,1,1,35,5,20,0
06-06-2021,faridkot,0,0,6,1,4,0
06-06-2021,fatehgarh sahib,1,0,4,1,3,0
06-06-2021,fazilka,0,0,11,1,8,0
06-06-2021,firozepur,0,0,9,1,5,0
06-06-2021,gurdaspur,1,0,15,4,10,0
06-06-2021,hoshiarpur,0,0,9,1,6,0
06-06-2021,jalandhar,1,0,35,8,17,0
06-06-2021,kapurthala,0,0,17,2,13,0
06-06-2021,ludhiana,0,0,60,8,37,0
06-06-2021,mansa,0,-1,8,7,0,0
06-06-2021,moga,1,0,4,4,0,0
06-06-2021,pathankot,0,0,2,1,1,0
06-06-2021,patiala,2,0,27,2,19,0
06-06-2021,rupnagar (ropar),0,0,1,1,0,0
06-06-2021,s.a.s nagar,0,0,9,8,0,0
06-06-2021,sangrur,1,0,13,1,12,0
06-06-2021,shahid bhagat singh nagar(nawanshahr),0,0,3,1,2,0
06-06-2021,sri muktsar sahib,0,0,21,1,17,0
06-06-2021,tarn taran,0,0,5,1,4,0
06-06-2021,other states,0,0,47,6,36,0
06-06-2021,grand total,12,0,381,53,265,0
04-06-2021,amritsar,3,0,26,4,21,0
04-06-2021,barnala,1,0,9,4,5,0
04-06-2021,bathinda,3,0,34,3,21,0
04-06-2021,faridkot,1,0,6,1,4,0
04-06-2021,fatehgarh sahib,0,0,3,1,2,0
04-06-2021,fazilka,0,0,11,1,8,0
04-06-2021,firozepur,0,0,9,1,5,0
04-06-2021,gurdaspur,0,0,14,4,10,0
04-06-2021,hoshiarpur,2,0,8,1,6,0
04-06-2021,jalandhar,-3,0,33,8,20,0
04-06-2021,kapurthala,2,1,17,2,14,0
04-06-2021,ludhiana,2,2,60,8,38,0
04-06-2021,mansa,0,0,8,1,6,0
04-06-2021,moga,1,0,3,3,0,0
04-06-2021,pathankot,0,0,2,1,1,0
04-06-2021,patiala,3,0,24,2,18,0
04-06-2021,rupnagar (ropar),0,0,1,1,0,0
04-06-2021,s.a.s nagar,1,0,9,8,0,0
04-06-2021,sangrur,0,0,11,1,10,0
04-06-2021,shahidbhagat singh nagar(nawanshahr),0,0,3,1,2,0
04-06-2021,sri muktsar sahib,1,0,20,1,16,0
04-06-2021,tarn taran,2,0,5,1,4,0
04-06-2021,other states,0,0,46,6,35,0
04-06-2021,grand total,19,3,362,52,258,0
03-06-2021,amritsar,3,1,23,4,18,0
03-06-2021,barnala,1,1,8,4,4,0
03-06-2021,bathinda,2,0,31,3,20,0
03-06-2021,faridkot,0,0,5,1,3,0
03-06-2021,fatehgarh sahib,0,0,3,1,2,0
03-06-2021,fazilka,0,0,11,1,8,0
03-06-2021,firozepur,-1,0,9,1,5,0
03-06-2021,gurdaspur,2,0,14,4,10,0
03-06-2021,hoshiarpur,0,0,6,1,4,0
03-06-2021,jalandhar,3,0,36,8,25,0
03-06-2021,kapurthala,0,0,15,1,13,0
03-06-2021,ludhiana,6,0,58,6,47,0
03-06-2021,mansa,0,0,8,1,6,0
03-06-2021,moga,0,0,2,2,0,0
03-06-2021,pathankot,0,0,2,1,1,0
03-06-2021,patiala,2,0,21,2,15,0
03-06-2021,rupnagar,0,0,1,1,0,0
03-06-2021,s.a.s nagar,0,0,8,8,0,0
03-06-2021,sangrur,0,0,11,1,10,0
03-06-2021,sbs nagar,1,1,3,1,2,0
03-06-2021,sri muktsar sahib,1,0,19,1,17,0
03-06-2021,tarn taran,0,0,3,1,2,0
03-06-2021,other states,3,0,46,6,38,0
03-06-2021,grand total,23,3,343,49,261,0
01-06-2021,amritsar,2,1,18,3,15,0
01-06-2021,barnala,0,0,10,6,4,0
01-06-2021,bathinda,1,0,27,3,17,0
01-06-2021,faridkot,0,0,4,4,0,0
01-06-2021,fatehgarh sahib,0,0,3,1,2,0
01-06-2021,fazilka,2,0,10,1,8,0
01-06-2021,firozepur,1,1,8,1,5,0
01-06-2021,gurdaspur,1,0,12,4,8,0
01-06-2021,hoshiarpur,0,0,6,1,4,0
01-06-2021,jalandhar,7,2,31,8,20,0
01-06-2021,kapurthala,0,0,14,1,12,0
01-06-2021,ludhiana,2,0,48,6,38,0
01-06-2021,mansa,0,0,8,7,0,0
01-06-2021,moga,0,0,2,2,0,0
01-06-2021,pathankot,0,0,2,1,1,0
01-06-2021,patiala,0,0,17,2,14,0
01-06-2021,rupnagar (ropar),1,0,1,1,0,0
01-06-2021,s.a.s nagar,0,0,8,8,0,0
01-06-2021,sangrur,1,0,10,1,9,0
01-06-2021,shahid bhagat singhnagar (nawanshahr),0,0,2,2,0,0
01-06-2021,sri muktsarsahib,1,0,15,1,13,0
01-06-2021,tarn taran,0,0,3,1,2,0
01-06-2021,other states,0,0,41,2,38,0
01-06-2021,grand total,19,4,300,43,234,0
03-01-2022,amritsar,0,0,64,18,0,44
03-01-2022,barnala,0,0,14,4,0,6
03-01-2022,bathinda,0,0,56,8,0,42
03-01-2022,faridkot,0,0,15,2,0,11
03-01-2022,fatehgarh sahib,0,0,9,1,0,7
03-01-2022,fazilka,0,0,16,2,0,10
03-01-2022,firozepur,0,0,17,2,0,13
03-01-2022,gurdaspur,0,0,29,10,0,16
03-01-2022,hoshiarpur,0,0,25,2,0,21
03-01-2022,jalandhar,0,0,56,10,0,41
03-01-2022,kapurthala,0,0,13,3,0,9
03-01-2022,ludhiana,0,0,112,15,0,72
03-01-2022,mansa,0,0,29,0,25,0
03-01-2022,moga,0,0,12,2,0,8
03-01-2022,pathankot,0,0,6,1,0,4
03-01-2022,patiala,0,0,33,4,0,24
03-01-2022,rupnagar (ropar),0,0,1,0,1,0
03-01-2022,s.a.s nagar,0,0,13,1,0,9
03-01-2022,sangrur,0,0,33,9,0,21
03-01-2022,shahid bhagat singh nagar(nawanshahr),0,0,9,1,0,7
03-01-2022,sri muktsar sahib,0,0,37,7,0,22
03-01-2022,tarn taran,0,0,19,6,0,13
03-01-2022,other states,0,0,73,11,0,54
03-01-2022,grand total,0,0,691,119,0,480
02-01-2022,amritsar,0,0,64,18,0,44
02-01-2022,barnala,0,0,14,4,0,6
02-01-2022,bathinda,0,0,56,8,0,42
02-01-2022,faridkot,0,0,15,2,0,11
02-01-2022,fatehgarh sahib,0,0,9,1,0,7
02-01-2022,fazilka,0,0,16,2,0,10
02-01-2022,firozepur,0,0,17,2,0,13
02-01-2022,gurdaspur,0,0,29,10,0,16
02-01-2022,hoshiarpur,0,0,25,2,0,21
02-01-2022,jalandhar,0,0,56,10,0,41
02-01-2022,kapurthala,0,0,13,3,0,9
02-01-2022,ludhiana,0,0,112,15,0,72
02-01-2022,mansa,0,0,29,0,25,0
02-01-2022,moga,0,0,12,2,0,8
02-01-2022,pathankot,0,0,6,1,0,4
02-01-2022,patiala,0,0,33,4,0,24
02-01-2022,rupnagar (ropar),0,0,1,0,1,0
02-01-2022,s.a.s nagar,0,0,13,1,0,9
02-01-2022,sangrur,0,0,33,9,0,21
02-01-2022,shahid bhagat singh nagar(nawanshahr),0,0,9,1,0,7
02-01-2022,sri muktsar sahib,0,0,37,7,0,22
02-01-2022,tarn taran,0,0,19,6,0,13
02-01-2022,other states,0,0,73,11,0,54
02-01-2022,grand total,0,0,691,119,0,480
01-01-2022,amritsar,0,0,64,18,0,44
01-01-2022,barnala,0,0,14,4,0,6
01-01-2022,bathinda,0,0,56,8,0,42
01-01-2022,faridkot,0,0,15,2,0,11
01-01-2022,fatehgarh sahib,0,0,9,1,0,7
01-01-2022,fazilka,0,0,16,2,0,10
01-01-2022,firozepur,0,0,17,2,0,13
01-01-2022,gurdaspur,0,0,29,10,0,16
01-01-2022,hoshiarpur,0,0,25,2,0,21
01-01-2022,jalandhar,0,0,56,10,0,41
01-01-2022,kapurthala,0,0,13,3,0,9
01-01-2022,ludhiana,0,0,112,15,0,72
01-01-2022,mansa,0,0,29,0,25,0
01-01-2022,moga,0,0,12,2,0,8
01-01-2022,pathankot,0,0,6,1,0,4
01-01-2022,patiala,0,0,33,4,0,24
01-01-2022,rupnagar (ropar),0,0,1,0,1,0
01-01-2022,s.a.s nagar,0,0,13,1,0,9
01-01-2022,sangrur,0,0,33,9,0,21
01-01-2022,shahid bhagat singh nagar(nawanshahr),0,0,9,1,0,7
01-01-2022,sri muktsar sahib,0,0,37,7,0,22
01-01-2022,tarn taran,0,0,19,6,0,13
01-01-2022,other states,0,0,73,11,0,54
01-01-2022,grand total,0,0,691,119,0,480
